<?xml version="1.0" encoding="UTF-8"?>
<project-private xmlns="http://www.netbeans.org/ns/project-private/1">
    <editor-bookmarks xmlns="http://www.netbeans.org/ns/editor-bookmarks/2" lastBookmarkId="0"/>
    <open-files xmlns="http://www.netbeans.org/ns/projectui-open-files/2">
        <group>
            <file>file:/C:/Users/skand/OneDrive/Documentos/NetBeansProjects/estadia_moni/web/jsp/dashboard2.jsp</file>
            <file>file:/C:/Users/skand/OneDrive/Documentos/NetBeansProjects/estadia_moni/web/jsp/dashboard3.jsp</file>
            <file>file:/C:/Users/skand/OneDrive/Documentos/NetBeansProjects/estadia_moni/web/jsp/interfaces.jsp</file>
            <file>file:/C:/Users/skand/OneDrive/Documentos/NetBeansProjects/estadia_moni/web/jsp/dashboard1.jsp</file>
            <file>file:/C:/Users/skand/OneDrive/Documentos/NetBeansProjects/estadia_moni/src/java/com/util/consultassql.java</file>
        </group>
    </open-files>
</project-private>
